{
    "version": 1,
    "description":"configuration file to define the mapping between the excel file and the database",
    "config": [
        {
            "module_name":"model.cyber_scenario_db",
            "class_name":"Scenario",
            "sheet_name":"Scenario_All",
            "row_number":130,
            "column_mapping":{
                "scenario_id":1,
                "scenario_domain_id":2,
                "scenario_domain_name":3,
                "scenario_name":4,
                "scenario_description":5,
                "scenario_impact":6
            },
            "column_default":{
                "scenario_source":"NECRO Failure Scenarios 2012"
            }
        },
        {
            "module_name":"model.cyber_scenario_db",
            "class_name":"Scenario_Attack_Tree",
            "sheet_name":"Scenario_Attack_Tree",
            "row_number":22,
            "column_mapping":{
                "scenario_id":1,
                "scenario_name":2,
                "scenario_domain_id":3,
                "scenario_description":4,
                "scenario_assumption":5
            },
            "column_default":{
            }
        },
        {
            "module_name":"model.cyber_scenario_db",
            "class_name":"Scenario_Attack_Tree_Item",
            "sheet_name":"Item",
            "row_number":176,
            "column_mapping":{
                "scenario_id":1,
                "attack_item_id":2,
                "attack_item_description":3,
                "is_sub_network":4
            },
            "column_default":{
                "item_type":"Event"
            }
        },
        {
            "module_name":"model.cyber_scenario_db",
            "class_name":"Scenario_Attack_Tree_Item",
            "sheet_name":"Item",
            "row_number":176,
            "column_mapping":{
                "scenario_id":1,
                "attack_item_id":2,
                "attack_item_description":3,
                "is_sub_network":4
            },
            "column_default":{
            }
        },
        {
            "module_name":"model.cyber_scenario_db",
            "class_name":"Scenario_Attack_Tree_Edge",
            "sheet_name":"Edge",
            "row_number":243,
            "column_mapping":{
                "scenario_id":4,
                "attack_item_source":1,
                "attack_item_target":2,
                "logical_type":3
            },
            "column_default":{
            }
        },
        {
            "module_name":"model.cyber_scenario_db",
            "class_name":"Scenario_Attack_Tree_Item_Mitigation",
            "sheet_name":"Mitigation_Mapping",
            "row_number":227,
            "column_mapping":{
                "scenario_id":1,
                "attack_item_id":2,
                "mitigation_description":3,
                "action_type":4,
                "action_common_category":5,
                "action_application_context":6,
                "action_group":7
            },
            "column_default":{
            }
        },
        {
            "module_name":"model.cyber_scenario_db",
            "class_name":"Scenario_Vulnerability_Mapping",
            "sheet_name":"Vulnerability_Mapping",
            "row_number":354,
            "column_mapping":{
                "scenario_id":1,
                "original_vulnerability":2,
                "common_vulnerability":3,
                "vulnerability_context":4,
                "vulnerability_name":5,
                "vulnerability_id":6
            },
            "column_default":{
            }
        },
        {
            "module_name":"model.cyber_scenario_db",
            "class_name":"Scenario_Mitigation_Mapping",
            "sheet_name":"Mitigation_Mapping_All",
            "row_number":594,
            "column_mapping":{
                "scenario_id":1,
                "original_mitigation":2,
                "action_type":3,
                "action_common_category":4,
                "action_application_context":5,
                "action_group":6
            },
            "column_default":{
            }
        },
        {
            "module_name":"model.cyber_scenario_db",
            "class_name":"Scenario_Security_Requirement_Mapping",
            "sheet_name":"Security_Requirement_Mapping",
            "row_number":407,
            "column_mapping":{
                "scenario_id":1,
                "security_requirement_id":2
            },
            "column_default":{
            }
        }, 
        
        {
            "module_name":"model.cyber_scenario_db",
            "class_name":"SG_Actor",
            "sheet_name":"Actor",
            "row_number":48,
            "column_mapping":{
                "actor_id":1,
                "domain_name":2,
                "actor_name":3,
                "actor_acronym":4,
                "actor_description":5
            },
            "column_default":{
            }
        }, 
        {
            "module_name":"model.cyber_scenario_db",
            "class_name":"SG_Logical_Reference",
            "sheet_name":"Logical Interface",
            "row_number":153,
            "column_mapping":{
                "logical_reference_id":1,
                "actor_i_index":2,
                "actor_j_index":3,
                "logical_category_list":4
            },
            "column_default":{
            }
        }, 
        {
            "module_name":"model.cyber_scenario_db",
            "class_name":"SG_Logical_Reference_Category",
            "sheet_name":"Logical Interface Cateogry",
            "row_number":23,
            "column_mapping":{
                "logical_category_id":1,
                "category_description":2,
                "category_requirement_confidentiality":3,
                "category_requirement_integrity":4,
                "category_requirement_availability":5
            },
            "column_default":{
            }
        }, 
        {
            "module_name":"model.cyber_scenario_db",
            "class_name":"SG_Security_Requirement",
            "sheet_name":"Security Requirement",
            "row_number":198,
            "column_mapping":{
                "sr_id":1,
                "sr_name":2,
                "sr_category":3,
                "sr_requirement_description":4,
                "sr_supplemental_guidance":5,
                "sr_requirement_enhancements":6,
                "sr_additional_considerations":7,
                "low_impact_allocation":8,
                "moderate_impact_allocation":9,
                "high_impact_allocation":10,
                "sr_domain_id":11
            },
            "column_default":{
            }
        }, 
        {
            "module_name":"model.cyber_scenario_db",
            "class_name":"SG_Vulnerability",
            "sheet_name":"Vulnerability",
            "row_number":55,
            "column_mapping":{
                "vulnerability_id":1,
                "vulnerability_name":2,
                "description":3,
                "potential_impact":4,
                "example":5,
                "sub_category_id":6,
                "sub_category_name":8,
                "category_id":7,
                "category_name":9,
                "related_CWE_ID":10
            },
            "column_default":{
            }
        }, 
        {
            "module_name":"model.cyber_scenario_db",
            "class_name":"SG_Attribute",
            "sheet_name":"Attribute",
            "row_number":20,
            "column_mapping":{
                "attribute_id":1,
                "attribute_name":2,
                "description":3
            },
            "column_default":{
            }
        }, 
        {
            "module_name":"model.cyber_scenario_db",
            "class_name":"SG_Attribute_LIC_Mapping",
            "sheet_name":"Attribute_LIC_Mapping",
            "row_number":20,
            "column_mapping":{
                "attribute_id":1,
                "logical_reference_category_list":2
            },
            "column_default":{
            }
        }, 
        {
            "module_name":"model.cyber_scenario_db",
            "class_name":"SG_Vulnerability_SR_Mapping",
            "sheet_name":"Vulnerability_SRF_Mapping",
            "row_number":56,
            "column_mapping":{
                "vulnerability_id":1,
                "vulnerability_name":2,
                "security_requirement_list":3
            },
            "column_default":{
            }
        },
        {
            "module_name":"model.cyber_scenario_db",
            "class_name":"SG_SR_LIC_Mapping",
            "sheet_name":"SR_LIC_Mapping",
            "row_number":3844,
            "column_mapping":{
                "security_requirement_id":1,
                "logical_reference_category_id":2,
                "allocation_level":3
            },
            "column_default":{
            }
        }
    ]
}